ts,url
2025-03-25T21:49:23.878060,https://www.gazetadopovo.com.br/mundo/casa-branca-forcas-anti-trump-querem-instrumentalizar-caso-jornalista/
2025-03-25T21:49:40.275303,https://www.nsctotal.com.br/noticias/jornalista-e-incluido-em-grupo-ultrassecreto-de-governo-trump-e-descobre-planos-de-guerra
2025-03-25T21:49:40.413131,https://br.investing.com/news/world-news/equipe-de-trump-se-esforca-para-lidar-com-consequencias-de-caso-do-batepapo-no-signal-1500664
2025-03-25T21:49:41.504016,https://pt.euronews.com/2025/03/25/aumentam-pedidos-de-demissao-de-pete-hegseth-depois-de-partilha-de-informacao-com-jornalis
2025-03-25T21:49:42.946534,https://www.folhape.com.br/noticias/casa-branca-anuncia-que-ucrania-e-russia-aceitam-evitar-ataques-no-mar/400034/
2025-03-25T21:49:43.896114,https://www.gazetadopovo.com.br/mundo/estava-defendendo-a-dignidade-da-ucrania-diz-zelensky-sobre-conversa-tensa-com-trump/
2025-03-25T21:49:47.888955,https://www.brasildefato.com.br/2025/03/25/russia-eua-e-ucrania-acertam-tregua-no-mar-negro-mas-moscou-impoe-condicoes/
2025-03-25T21:49:48.032752,https://jornaldebrasilia.com.br/noticias/mundo/ucrania-pede-mais-negociacoes-para-resolver-detalhes-dos-acordos-anunciados-pelos-eua/
2025-03-25T21:49:48.250725,https://br.investing.com/news/commodities-news/russia-confirma-que-concordou-em-garantir-seguranca-da-navegacao-no-mar-negro-diz-kremlin-1500336
2025-03-25T21:49:48.722819,https://motor1.uol.com.br/news/754561/fiat-500l-o-carro-papa/
2025-03-25T21:49:51.101356,https://www.gazetadopovo.com.br/vozes/marcio-antonio-campos/papa-francisco-internacao-hospital-decisoes/
2025-03-25T21:49:51.642797,https://www.nsctotal.com.br/noticias/medicos-do-papa-francisco-consideraram-parar-tratamento-para-deixa-lo-morrer-em-paz
2025-03-25T21:49:52.931482,https://www.ihu.unisinos.br/649904-papa-francisco-o-novo-papado-governo-da-igreja-confiado-a-seis-cardeais-mais-tres-a-serem-nomeados-eis-o-que-muda
2025-03-25T21:49:57.752907,https://www.vaticannews.va/pt/igreja/news/2025-03/artigo-padre-maicon-malacarne-flores-carmela-papa-francisco-2025.html
2025-03-25T21:50:01.184474,https://www.tnh1.com.br/noticia/nid/medico-revela-que-papa-francisco-esteve-em-situacao-perdida-como-um-milagre/
2025-03-25T21:50:01.596950,https://www.acidigital.com/noticia/61869/audiencia-geral-e-angelus-estao-suspensos-mesmo-com-o-papa-em-casa
2025-03-25T21:50:02.545117,https://economia.uol.com.br/noticias/estadao-conteudo/2025/03/24/petroleo-fecha-em-alta-com-ameaca-de-tarifa-dos-eua-a-paises-que-negociarem-com-venezuela.htm
2025-03-25T21:50:05.929724,https://jovempan.com.br/noticias/mundo/trump-anuncia-tarifas-de-25-para-paises-que-comprarem-petroleo-e-gas-da-venezuela-a-partir-de-abril.html
2025-03-25T21:50:08.143900,https://www.gazetadopovo.com.br/mundo/china-diz-eua-usam-sancoes-abusivas-interferir-assuntos-venezuela/
2025-03-25T21:50:10.959863,https://istoedinheiro.com.br/trump-sancionara-paises-que-comprem-petroleo-da-venezuela/
2025-03-25T21:50:12.710828,https://www.noticiasagricolas.com.br/noticias/petroleo/397086-petroleo-sobe-pelo-quinto-dia-devido-a-preocupacoes-com-o-fornecimento-apos-tarifas-da-venezuela.html
2025-03-25T21:50:12.834383,https://br.investing.com/news/commodities-news/precos-do-petroleo-mantem-ganhos-apos-plano-de-trump-sobre-tarifas-a-venezuela-1499670
2025-03-25T21:50:12.917674,https://jornaldebrasilia.com.br/noticias/mundo/petroleo-fecha-em-alta-impulsionado-por-medidas-dos-eua-contra-a-venezuela/
2025-03-25T21:50:13.872822,https://www.folhape.com.br/noticias/eua-prorroga-prazo-para-chevron-liquidar-operacoes-na-venezuela/399815/
2025-03-25T21:50:14.422784,https://mais.opovo.com.br/jornal/economia/2025/03/25/trump-ameaca-taxar-paises-que-comprarem-petroleo-da-venezuela.html
2025-03-25T21:50:17.126186,https://pt.euronews.com/my-europe/2025/03/25/varios-feridos-apos-russia-lancar-dezenas-de-drones-contra-a-ucrania
2025-03-25T21:50:21.347945,https://www.publico.pt/2025/03/24/mundo/reportagem/drones-russos-aterrorizam-civis-cidade-kherson-2127144
2025-03-25T21:50:22.404668,https://jovempan.com.br/noticias/mundo/ataque-aereo-russo-em-kiev-deixa-tres-mortos-em-meio-a-negociacaoes-de-tregua.html
2025-03-25T21:50:23.908718,https://www.noticiasaominuto.com/mundo/2753710/defesas-aereas-ucranianas-abatem-78-drones-em-novo-ataque-russo
2025-03-25T21:50:24.466071,https://jornaldebrasilia.com.br/noticias/mundo/bombardeio-russo-em-cidade-de-sumi-na-ucrania-deixa-65-feridos-entre-eles-14-criancas/
2025-03-25T21:50:25.153172,https://tribunadosertao.com.br/noticias/2025/03/25/660739-1126o-dia-da-operacao-militar-especial-nas-fronteiras-russas
2025-03-25T21:50:26.051140,https://www.saudemais.tv/noticia/57196-ucrania-russia-fala-de-paz-enquanto-ataca-areas-residenciais-kiev
2025-03-25T21:50:27.384790,https://www.cavok.com.br/sistema-de-foguetes-himars-destroi-4-helicopteros-russos-no-campo-de-aviacao-de-belgorod
2025-03-25T21:50:27.684764,https://tribunadonorte.com.br/internacional/russia-ataca-area-residencial-em-kiev-antes-de-negociacoes-com-ucrania-e-eua-por-cessar-fogo/
2025-03-25T21:50:28.432038,https://www.brasildefato.com.br/2025/03/24/milhares-de-argentinos-tomam-as-ruas-em-protesto-contra-milei-numa-marcha-historica-em-homenagem-as-vitimas-da-ditadura/
2025-03-25T21:50:29.494222,https://midianinja.org/nunca-mais-mais-de-um-milhao-de-pessoas-marcharam-na-argentina-aos-49-anos-do-golpe-militar/
2025-03-25T21:50:33.325086,https://www.gazetadopovo.com.br/mundo/milei-divulgara-novos-arquivos-da-ditadura-apontando-crimes-de-guerrilha-como-lesa-humanidade/
2025-03-25T21:50:36.481118,https://pt.euronews.com/video/2025/03/25/argentina-comemora-49-anos-desde-o-golpe-militar-em-contexto-de-tensoes-politicas
2025-03-25T21:50:37.830510,https://www.lance.com.br/galerias/clubes-argentinos-lembram-o-dia-de-la-memoria-por-la-verdad-e-la-justicia-veja/
2025-03-25T21:50:40.180243,https://iclnoticias.com.br/sob-milei-multidao-protesto-contra-ditadura/
2025-03-25T21:50:43.428901,https://www.brasil247.com/blog/bolsonaro-circo-de-horrores
2025-03-25T21:50:45.004849,https://www.migalhas.com.br/quentes/426939/stf-julga-denuncia-contra-bolsonaro-veja-como-foi-primeira-sessao
2025-03-25T21:50:45.643030,https://www.gazetadopovo.com.br/republica/divergencia-de-fux-abre-caminho-para-bolsonaro-assim-como-lula-anular-eventual-condenacao/
2025-03-25T21:50:47.532927,http://www.oab.org.br/noticia/62997/nota-da-oab-sobre-o-advogado-detido-na-sessao-do-stf
2025-03-25T21:50:48.782939,https://www.nsctotal.com.br/noticias/bolsonaro-culpa-carla-zambelli-por-derrota-em-2022-e-deputada-reage-sempre-o-defendi
2025-03-25T21:50:49.667132,https://www.gazetadopovo.com.br/republica/tre-sp-mantem-cassacao-de-carla-zambelli/
2025-03-25T21:50:50.731309,https://www.brasil247.com/blog/sobre-adiamento-do-julgamento-de-zambelli
2025-03-25T21:50:51.614115,https://www.diariodocentrodomundo.com.br/facam-suas-apostas-qual-sera-o-placar-do-caso-zambelli-no-stf-por-moises-mendes/
2025-03-25T21:50:53.642619,https://www.em.com.br/politica/2025/03/7092793-zambelli-reage-a-maioria-formada-no-stf-sigo-firme-confiando-em-deus.html
2025-03-25T21:50:54.704296,https://pt.org.br/maioria-do-stf-vota-para-mandar-zambelli-para-a-cadeia-por-porte-ilegal-de-arma/
2025-03-25T21:50:58.031877,https://www.migalhas.com.br/quentes/427037/moraes-diz-que-stf-nao-esta-julgando-velhinhas-com-a-biblia-na-mao
2025-03-25T21:50:59.595803,https://tvtnews.com.br/noticias-do-julgamento-do-bolsonaro/
2025-03-25T21:51:01.304336,https://jovempan.com.br/noticias/politica/moraes-stf-estaria-condenando-velhinhas-com-biblia-na-mao-nada-mais-inveridico.html
2025-03-25T21:51:01.421554,https://www.jornalopcao.com.br/ultimas-noticias/joao-paulo-cavalcante-ex-assessor-de-gayer-e-condenado-a-14-anos-de-prisao-no-bojo-do-8-de-janeiro-691352/
2025-03-25T21:51:02.346077,https://iclnoticias.com.br/para-jurista-maierovitch-bolsonaro-bagrinhos/
2025-03-25T21:51:02.648607,https://www.nsctotal.com.br/noticias/moraes-diz-que-stf-nao-esta-condenando-velhinhas-com-a-biblia-na-mao-nada-mais-mentiroso
2025-03-25T21:51:04.979846,https://www.nexojornal.com.br/expresso/2025/03/23/8-de-janeiro-invasao-tres-poderes-pena-invasores-proporcionalidade
2025-03-25T21:51:05.683478,https://www.diariodocentrodomundo.com.br/video-advogado-de-ramagem-mente-no-stf-e-e-enquadrado-por-carmen-lucia/
2025-03-25T21:51:10.567466,https://www.migalhas.com.br/quentes/427023/carmen-lucia-adverte-advogado-que-relacionou-abin-a-seguranca-de-urnas
2025-03-25T21:51:10.893096,https://www.em.com.br/politica/2025/03/7093481-carmen-lucia-reeprende-advogado-de-ramagem-urnas-sao-de-outro-poder.html
2025-03-25T21:51:11.793221,https://iclnoticias.com.br/defesa-ramagem-provas-stf-veja-pf-descobriu/
2025-03-25T21:51:12.927371,https://www.tnh1.com.br/noticia/nid/caso-8-de-janeiro-veja-os-argumentos-da-defesa-de-bolsonaro-e-dos-outros-7-denunciados/
2025-03-25T21:51:14.178146,https://www.congressoemfoco.com.br/noticia/107211/advogado-de-ramagem-diz-que-indicios-sao-extremamente-timidos
2025-03-25T21:51:14.325878,https://www.bnews.com.br/noticias/politica/carmen-lucia-surpreende-e-corrige-gafe-de-advogado-durante-julgamento-de-bolsonaro.html
2025-03-25T21:51:14.668001,https://mauriliojunior.com/2025/03/25/carmen-lucia-da-puxao-de-orelha-em-advogado-sobre-atribuicao-da-abin-nas-eleicoes-assista/
2025-03-25T21:51:16.172801,https://www.gov.br/mec/pt-br/assuntos/noticias/2025/marco/agenda-presidencial-no-japao-inclui-pautas-educacionais
2025-03-25T21:51:17.512839,https://www.gazetadopovo.com.br/republica/lula-se-reune-com-imperador-do-japao-e-recebe-honraria-maxima-do-pais-saiba-por-que/
2025-03-25T21:51:17.706389,https://www.canalrural.com.br/aves-e-suinos/brasil-e-japao-fecham-acordo-que-garante-exportacao-de-frango/
2025-03-25T21:51:17.888915,https://www12.senado.leg.br/radio/1/noticia/2025/03/25/presidente-do-senado-participa-de-comitiva-presidencial-em-missao-no-japao
2025-03-25T21:51:18.526020,https://www.moneytimes.com.br/lula-e-favaro-buscam-avanco-para-etanol-e-carne-no-japao-se-eles-usarem-10-de-etanol-na-gasolina-e-extraordinario-pads/
2025-03-25T21:51:19.445043,https://www.noticiasagricolas.com.br/videos/boi/397143-expectativa-frustrada-de-abertura-do-mercado-japones-para-a-carne-bovina-do-brasil-repercute-entre-os-frigorificos.html
2025-03-25T21:51:19.699168,https://www.em.com.br/politica/platobr/2025/03/7093123-pompa-circunstancia-e-expectativa-saldo-da-visita-ao-japao-pode-demorar.html
2025-03-25T21:51:21.661584,https://www.brasildefato.com.br/2025/03/25/greve-de-ferroviarios-em-sp-saiba-quais-linhas-da-cptm-vao-parar-nesta-quarta-26/
2025-03-25T21:51:23.133087,https://www.dgabc.com.br/Noticia/4212160/linha-10-turquesa-fica-de-fora-da-greve-da-cptm-nesta-terca-feira
2025-03-25T21:51:27.071229,https://ww2.trt2.jus.br/noticias/noticias/noticia/trabalhadores-das-linhas-11-12-e-13-da-cptm-analisam-clausula-de-paz-e-decidem-sobre-greve
2025-03-25T21:51:28.623569,https://valor.globo.com/empresas/noticia/2025/03/25/leilo-das-linhas-11-12-e-13-da-cptm-deve-ter-disputa-entre-ccr-e-comporte.ghtml
2025-03-25T21:51:31.749356,https://www.metroviarios.org.br/site/todo-apoio-a-greve-da-cptm-em-defesa-do-transporte-publico-e-de-qualidade/
2025-03-25T21:51:32.111253,https://viatrolebus.com.br/2025/03/com-greve-na-cptm-metroviarios-discutem-tambem-se-farao-paralisacao/
2025-03-25T21:51:32.338940,https://www.gazetasp.com.br/cotidiano/greve-cptm-comeca-quarta-sp-so-duas-linhas-irao-operar/1153270/
2025-03-25T21:51:33.269134,https://jornaldebrasilia.com.br/noticias/brasil/ferroviarios-votam-nesta-noite-proposta-de-adiamento-ou-inicio-de-greve-na-cptm/
2025-03-25T21:51:33.471591,https://www.brasil247.com/regionais/sudeste/ferroviarios-da-cptm-anunciam-greve-contra-privatizacao-nao-seremos-a-proxima-viamobilidade
2025-03-25T21:51:34.925855,https://www.cut.org.br/noticias/com-privatizacao-de-linhas-da-cptm-sob-suspeita-ferroviarios-de-sp-entram-em-gre-af3b
2025-03-25T21:51:35.535002,https://sindpd.org.br/2025/03/24/greve-ferroviarios-privatizacao-cptm/
2025-03-25T21:51:37.974338,https://www.inovacaotecnologica.com.br/noticias/noticia.php?artigo=encontradas-marte-moleculas-organicas-enormes&id=010130250325
2025-03-25T21:51:38.555812,https://revistagalileu.globo.com/ciencia/espaco/noticia/2025/03/nasa-encontra-moleculas-organicas-maiores-em-marte-dando-folego-a-busca-por-vida.ghtml
2025-03-25T21:51:39.591072,https://oantagonista.com.br/entretenimento/descoberta-moleculas-organicas-em-marte-indicio-de-vida/
2025-03-25T21:51:40.299277,https://barelandia.com.br/tecnologia/nasa-detecta-maiores-moleculas-organicas-em-marte/
2025-03-25T21:51:41.422907,https://www.gizmodo.com.br/moleculas-misteriosas-em-marte-reacendem-a-pergunta-houve-vida-no-planeta-vermelho-9719
2025-03-25T21:51:41.782902,https://aventurasnahistoria.com.br/noticias/historia-hoje/moleculas-organicas-encontradas-em-marte-podem.phtml
2025-03-25T21:51:42.101599,https://gazetabrasil.com.br/ciencia-e-tecnologia/2025/03/25/descoberta-em-marte-nasa-acha-grandes-moleculas-organicas-indicio-de-vida/
2025-03-25T21:51:42.905082,https://hypescience.com/moleculas-organicas-tamanho-inedito-descobertas-em-marte/
2025-03-25T21:51:44.301489,https://tek.sapo.pt/noticias/ciencia/artigos/descoberta-de-moleculas-organicas-em-marte-alimenta-busca-por-vida-extraterrestre
2025-03-25T21:51:45.300164,https://epocanegocios.globo.com/ciencia-e-saude/noticia/2025/03/vida-em-marte-rover-da-nasa-detecta-as-maiores-moleculas-organicas-ja-encontradas-em-amostra-de-rocha-marciana.ghtml
2025-03-25T21:51:47.114247,https://tecnoblog.net/noticias/google-lanca-gemini-2-5-e-promete-mais-modelos-de-ia-capazes-de-raciocinar/
2025-03-25T21:51:47.521666,https://engenhariae.com.br/tecnologia/gemini-recebe-atualizacao-para-visualizar-a-tela-e-a-camera
2025-03-25T21:51:48.037563,https://www.acidadeon.com/tudoep/tudo-inovacao/ia-gemini-pode-usar-a-camera-do-celular/
2025-03-25T21:51:48.567084,https://www.esmaelmorais.com.br/o-google-esta-lancando-os-recursos-de-video-da-ai-em-tempo-real-de-gemini/
2025-03-25T21:51:49.182142,https://www.abcmais.com/tecnologia/google-oferece-nova-facilidade-para-quem-quer-converter-documento-em-audio/
2025-03-25T21:51:49.517389,https://tecmania.com.br/usuarios-gratuitos-do-gemini-podem-acessar-gems-agora-no-android/
2025-03-25T21:51:50.266398,https://canaltech.com.br/inteligencia-artificial/google-lanca-ia-gemini-25-para-concorrer-com-chatgpt-e-deepseek/
2025-03-25T21:51:53.051808,https://www.pcguia.pt/2025/03/gemini-comeca-a-ser-reforcado-com-mais-capacidades-de-ia/
2025-03-25T21:51:56.207875,https://pplware.sapo.pt/inteligencia-artificial/a-ia-da-google-e-o-gemini-live-ganha-novidades-e-passa-a-integrar-se-com-o-mundo-real/
2025-03-25T21:51:57.100660,https://blog.google/intl/pt-br/novas-maneiras-de-colaborar-e-ser-criativo-com-o-gemini/
2025-03-25T21:51:57.530373,https://www.ajudandroid.com.br/gems-chega-aos-usuarios-gratuitos-gemini-android/
2025-03-25T21:52:04.501954,https://www.canalmeio.com.br/2025/03/24/gemini-do-google-agora-enxerga-tela-e-responde-em-tempo-real/
2025-03-25T21:52:05.269908,https://oantagonista.com.br/tecnologia/expansao-do-gemini-concede-acesso-sem-necessidade-de-conta-gmail/
2025-03-25T21:52:06.435237,https://www.techshake.com/google-gemini-esta-chegando-com-tudo-ao-chrome-saiba-mais/
2025-03-25T21:52:09.209928,https://www.b9.com.br/171804/adeus-dall-e-chatgpt-agora-usa-sora-para-criar-imagens-com-textos-transparencias-e-historias-em-quadrinhos/
2025-03-25T21:52:09.348031,https://canaltech.com.br/inteligencia-artificial/chatgpt-ganha-nova-ia-para-gerar-imagens-com-textos-legiveis/
2025-03-25T21:52:15.385611,https://www.dailynerd.com.br/noticias/openai-revelou-um-novo-gerador-de-figuras-para-chatzipt/103112/
2025-03-25T21:52:16.294061,http://videos.sapo.pt/RKreH3GvHEzd7vQtuDiv
2025-03-25T21:52:19.980408,https://www.canalmeio.com.br/2025/03/25/chatgpt-agora-cria-imagens-direto-na-conversa/
2025-03-25T21:52:20.185316,https://macmagazine.com.br/post/2025/03/25/openai-lanca-novo-gerador-de-imagens-integrado-ao-chatgpt/
2025-03-25T21:52:20.416842,https://www.mobiletime.com.br/noticias/25/03/2025/openai-com-sora-gpt-4o/
2025-03-25T21:52:20.637608,https://investnews.com.br/negocios/openai-atualiza-chatgpt-agora-e-possivel-editar-imagens-em-tempo-real-e-incluir-textos-longos/
2025-03-25T21:52:21.112315,https://www.folhape.com.br/economia/chatgpt-ganha-novo-recurso-que-facilita-edicao-de-imagens-e-gera/400138/
2025-03-25T21:52:21.908886,https://aeroin.net/grupo-de-golfinhos-visita-espaconave-da-spacex-apos-retorno-do-espaco/
2025-03-25T21:52:23.793600,https://nerdizmo.ig.com.br/golfinhos-recebem-astronautas-da-nasa-ao-retorno-a-terra/
2025-03-25T21:52:24.135497,https://www.mundoconectado.com.br/espaco/golfinhos-recepcionam-astronautas-no-retorno-da-estacao-espacial/
2025-03-25T21:52:24.421495,https://www.msn.com/pt-br/noticias/ciencia-e-tecnologia/astronautas-que-ficaram-presos-no-espa%C3%A7o-por-nove-meses-finalmente-retornaram-%C3%A0-terra-e-s%C3%A3o-recepcionados-por-golfinhos/vi-AA1Bh3o2
2025-03-25T21:52:26.239281,https://www.folhavitoria.com.br/games/atualizacao-gratuita-monster-hunter-wilds-desafios-festivais-e-dlcs/
2025-03-25T21:52:26.503423,https://www.msn.com/pt-br/entretenimento/jogos/monster-hunter-wilds-atropela-receitas-de-monster-hunter-world-e-caminha-para-ser-maior-sucesso-da-hist%C3%B3ria-da-capcom/ar-AA1Bk1iR?ocid=BingNewsBrowse
2025-03-25T21:52:27.405736,https://www.omelete.com.br/games/monster-hunter-wilds-atualiza-gratis-abril
2025-03-25T21:52:27.580693,https://br.ign.com/monster-hunter-wilds/138109/news/primeiras-atualizacoes-de-monster-hunter-wilds-ganham-data-de-lancamento-e-mais-detalhes
2025-03-25T21:52:28.586475,https://www.eurogamer.pt/monster-hunter-wilds-recebe-novidades-a-4-de-abril
2025-03-25T21:52:28.911194,https://www.adrenaline.com.br/games/lagiacrus-deve-vir-para-monster-hunter-wilds/
2025-03-25T21:52:30.503711,https://www.acidadeon.com/tudoep/games/noticias/primeira-atualizacao-de-monster-hunter-wilds-chega-em-4-de-abril/
2025-03-25T21:52:32.670501,https://pplware.sapo.pt/analises-2/analise-monster-hunter-wilds-playstation-5/
2025-03-25T21:52:34.043846,https://cromossomonerd.com.br/monster-hunter-wilds-o-que-fazer-apos-terminar-a-campanha/
2025-03-25T21:52:36.777957,https://residentevil.com.br/lab/monster-hunter-wilds-tera-novo-showcase-jogo-segue-no-topo-de-vendas-do-japao/
2025-03-25T21:52:41.115678,https://universonintendo.com/vendas-nos-estados-unidos-software-em-fev-2025-civilization-vii-faz-boa-estreia-no-ranking-geral-e-do-switch/
2025-03-25T21:52:41.272894,https://evilhazard.com.br/capcomspace-monter-hunter-wilds-esta-gerando-muito-mais-dinheiro-do-que-monster-hunter-world-e-monster-hunter-rise/
2025-03-25T21:52:42.344082,https://www.comboinfinito.com.br/principal/monster-hunter-wilds-atualizacao-gratuita/
2025-03-25T21:52:45.629115,https://psxbrasil.com.br/ranking-de-venda-de-consoles-e-jogos-no-japao-entre-10-e-16-de-marco-de-2025/
2025-03-25T21:52:46.237015,https://www.agenciabrasilia.df.gov.br/monster-hunter-jogo/800007h8j4.html
2025-03-25T21:52:47.507246,https://atarde.com.br/tecnologia/apple-lanca-recurso-auditivo-para-nova-linha-de-airpods-1311969
2025-03-25T21:52:48.931241,https://www.apple.com/br/newsroom/2025/03/hearing-test-and-hearing-aid-features-available-today/
2025-03-25T21:52:51.385945,https://diario.dopovo.com.br/2025/03/25/apple-lanca-recurso-inovador/
2025-03-25T21:52:51.482631,https://macmagazine.com.br/post/2025/03/25/teste-de-audicao-e-aparelho-auditivo-dos-airpods-pro-2-chegam-ao-brasil/
2025-03-25T21:52:52.681194,https://comlimao.com/tecnologia/apple/airpods-pro-2-saude-auditiva/
2025-03-25T21:52:53.286301,https://180graus.com/tecnologia/apple-lanca-recurso-auditivo-para-nova-linha-de-airpods/
2025-03-25T21:52:54.079708,https://www.gov.br/secom/pt-br/assuntos/noticias/2025/03/em-tres-dias-credito-do-trabalhador-ultrapassa-40-milhoes-de-simulacoes-saiba-como-funciona
2025-03-25T21:52:54.366403,https://oantagonista.com.br/opiniao/emprestimo-do-lula-vai-conseguir-colocar-o-brasil-inteiro-no-spc/
2025-03-25T21:52:55.743174,https://valor.globo.com/opiniao/coluna/o-novo-consignado-pode-aumentar-o-superendividamento.ghtml
2025-03-25T21:52:59.340638,https://www.itatiaia.com.br/politica/2025/03/25/consignado-clt-ultrapassa-r-340-milhoes-em-emprestimos-saiba-como-pedir
2025-03-25T21:53:03.029583,https://tribunademinas.com.br/colunas/maistendencias/36-milhoes-de-simulacoes-para-emprestimos-consignados-de-clts/
2025-03-25T21:53:03.141125,https://istoedinheiro.com.br/caixa-taxas-do-credito-consignado-250325/
2025-03-25T21:53:03.510342,https://www.contabeis.com.br/noticias/70007/fgts-digital-e-atualizado-para-incluir-emprestimo-consignado-do-trabalhador/
2025-03-25T21:53:05.614875,https://diariodocomercio.com.br/mix/esta-precisando-do-seu-fgts-veja-como-retirar-parte-dele-de-maneira-simples/
2025-03-25T21:53:07.550152,https://economia.uol.com.br/noticias/estadao-conteudo/2025/03/25/mte-consignado-privado-supera-r-340-milhoes-em-concessoes-nos-primeiros-5-dias.htm
2025-03-25T21:53:08.321289,https://www.gazetadopovo.com.br/vozes/alexandre-garcia/consignado-fgts-garantia-sacrificar-seguranca/
2025-03-25T21:53:10.461373,https://www.brasil247.com/economia/credito-do-trabalhador-dispara-e-ultrapassa-52-milhoes-de-simulacoes-em-tres-dias
2025-03-25T21:53:11.506919,https://revistaoeste.com/politica/emprestimo-do-lula-poe-haddad-na-mira-da-camara/
2025-03-25T21:53:12.936691,https://cbn.globo.com/economia/noticia/2025/03/25/conselho-eleva-teto-de-juros-no-consignado-para-beneficiarios-do-inss-para-185percent-ao-mes.ghtml
2025-03-25T21:53:15.825472,https://istoedinheiro.com.br/governo-eleva-teto-de-juros-do-emprestimo-consignado-do-inss-para-185-ao-mes/
2025-03-25T21:53:16.967238,https://br.investing.com/news/economic-indicators/cnps-eleva-de-180-para-185-teto-da-taxa-de-juros-no-credito-consignado-do-inss-1500627
2025-03-25T21:53:18.009007,https://www.folhape.com.br/economia/consignado-do-inss-conselho-decide-aumentar-teto-de-juros-para-185/400131/
2025-03-25T21:53:19.028995,https://www.mixvale.com.br/2025/03/25/capitao-alberto-neto-propoe-transferir-teto-de-juros-do-consignado-inss-ao-cmn/
2025-03-25T21:53:25.427876,https://fdr.com.br/2025/03/25/consignado-do-inss-pode-ter-um-novo-rumo-a-partir-de-hoje-2503-veja-o-que-muda-nos-emprestimos/
2025-03-25T21:53:28.332007,https://economiaempauta.com.br/conselho-aumenta-mais-uma-vez-teto-de-juros-no-consignado-para-beneficiarios-do-inss/
2025-03-25T21:53:28.997662,https://economia.uol.com.br/noticias/redacao/2025/03/25/mutirao-de-renegociacao-de-dividas-da-serasa-vai-ate-quarta-feira.htm
2025-03-25T21:53:31.446760,https://jovempan.com.br/noticias/economia/pesquisa-da-serasa-aponta-que-mais-de-57-milhoes-de-brasileiros-estao-endividados-e-nao-sabem.html
2025-03-25T21:53:33.311253,https://clebertoledo.com.br/negocios/balanco-do-serasa-aponta-que-417-mil-tocantinenses-nao-sabem-que-estao-endividados-1658-mil-ja-estao-negativadas/
2025-03-25T21:53:33.546634,https://tribunadonorte.com.br/economia/mais-de-855-mil-potiguares-estao-endividados-e-nao-sabem-veja-como-conferir-seu-nome/
2025-03-25T21:53:33.820735,https://www.tnh1.com.br/videos/single-de-video/vid/limpe-seu-nome-feirao-da-serasa-vai-ate-quarta-nas-agencias-dos-correios/
2025-03-25T21:53:34.189493,https://www.folhabv.com.br/cotidiano/serasa-alerta-que-135-mil-roraimenses-estao-endividados-sem-saber/
2025-03-25T21:53:56.014164,https://www.nsctotal.com.br/noticias/feirao-serasa-limpa-nome-ate-quando-vai-e-como-evitar-golpes
2025-03-25T21:53:56.355253,https://fdr.com.br/2025/03/25/festa-declarada-para-mais-de-68-milhoes-de-brasileiros-com-dividas-confira-a-oportunidade-do-momento/
2025-03-25T21:53:56.487831,https://seucreditodigital.com.br/brasileiros-quitar-dividas-serasa-2025/
2025-03-25T21:53:58.791987,https://abcreporter.com.br/tag/serasa-promove-negociacao-de-dividas-no-autoshow/
2025-03-25T21:53:59.493872,https://www.cadaminuto.com.br/noticia/2025/03/24/mais-de-700-mil-alagoanos-tem-o-nome-sujo-e-nao-sabem-veja-como-esta-o-seu-e-como-negociar-divida
2025-03-25T21:54:01.093924,https://www.diariodepernambuco.com.br/noticia/economia/2025/03/mais-de-2-milhoes-de-pernambucanos-estao-endividados-e-nao-sabem-diz.html
2025-03-25T21:54:01.194846,https://www.meioemensagem.com.br/marketing/serasa-une-influenciadores-na-semana-da-educacao-financeira
2025-03-25T21:54:02.057003,https://www.correio24horas.com.br/minha-bahia/feirao-limpa-nome-bahia-e-o-3-estado-com-mais-buscas-por-atendimento-0325
2025-03-25T21:54:02.430936,https://neofeed.com.br/negocios/jbs-supera-guidance-e-fatura-r-417-bilhoes-em-2024-maior-receita-de-sua-historia/
2025-03-25T21:54:03.761286,https://www.theagribiz.com/empresas/alimentos/a-maquina-de-dividendos-da-jbs-us-1-bi-por-ano/
2025-03-25T21:54:23.886516,https://analisa.genialinvestimentos.com.br/acoes/jbs/jbs-jbss3-i-resultado-4t24-um-call-binario/
2025-03-25T21:54:25.218719,https://www.msn.com/pt-br/dinheiro/economia-e-negocios/jbs-supera-estimativas-com-demanda-por-carne-de-frango-e-su%C3%ADna/ar-AA1BEvrP?ocid=finance-verthp-feeds
2025-03-25T21:54:25.517986,https://portaldbo.com.br/jbs-divulga-balanco-de-2024-e-destaca-operacoes-de-carne-no-brasil-e-australia/
2025-03-25T21:54:25.966058,https://investnews.com.br/negocios/superciclo-de-proteinas-impulsiona-jbs-a-lucro-bilionario-e-amplia-de-dividendos/
2025-03-25T21:54:26.714344,https://financenews.com.br/2025/03/jbs-jbss3-reporta-lucro-de-r-24-bilhoes-no-4t24/
2025-03-25T21:54:27.293830,https://acionista.com.br/jbs-jbss3-divulga-balanco-financeiro-do-4-tri-nesta-terca-feira-25-veja-as-expectativas-para-os-resultados/
2025-03-25T21:54:27.689422,https://miriangasparin.com.br/2025/03/jbs-tem-avanco-em-todas-as-unidades-de-negocios-em-2024/
2025-03-25T21:54:30.125654,https://economiaempauta.com.br/jbs-jbss3-deve-ver-queda-no-resultado-consolidado-do-4t24-apesar-de-efeito-positivo-do-cambio-ve-genial/
2025-03-25T21:54:31.731084,https://investidor10.com.br/noticias/jbs-jbss3-lucra-r-2-41-bilhoes-no-4t24-com-destaque-para-seara-no-brasil-111825/
2025-03-25T21:54:32.224719,"https://br.tradingview.com/news/reuters.com,2025:newsml_L2N3Q812O:0/"
2025-03-25T21:54:33.639830,https://safras.com.br/lucro-liquido-da-jbs-sobe-para-r-24-bilhoes-no-4o-tri-de-r-826-milhoes-um-ano-antes/
2025-03-25T21:54:34.308632,https://www.canalrural.com.br/economia/jbs-fecha-2024-com-receita-liquida-recorde-de-r-417-bilhoes/
2025-03-25T21:54:34.797812,https://www.nsctotal.com.br/noticias/veja-os-numeros-sorteados-no-concurso-2844-da-mega-sena-com-premio-de-r-145-milhoes
2025-03-25T21:54:34.890688,https://istoedinheiro.com.br/mega-sena-2-844-acumulado/
2025-03-25T21:54:35.518892,https://www.em.com.br/nacional/2025/03/7092865-mega-sena-2844-e-outras-loterias-veja-os-numeros-sorteados-25-3.html
2025-03-25T21:54:35.920891,https://concursosnobrasil.com/resultado-da-mega-sena-2844/
2025-03-25T21:54:37.380569,https://www.dgabc.com.br/Noticia/4211907/mega-sena-apostas-de-sao-bernardo-e-maua-faturam-rs-59-mil-cada
2025-03-25T21:54:37.641207,https://revistaoeste.com/economia/mega-sena-veja-quanto-rendem-r-145-milhoes-na-poupanca/
2025-03-25T21:54:40.891734,https://economia.ig.com.br/Loterias/2025-03-25/mega-sena-sorteia-premio-de-r--14-milhoes.html
2025-03-25T21:54:42.552774,https://www.acidadeon.com/ribeiraopreto/economia/aposta-da-regiaode-ribeirao-preto-leva-premio-na-mega-sena/
2025-03-25T21:54:43.267883,https://jmonline.com.br/cidade/bol-o-de-uberaba-ganha-mais-de-r-119-mil-na-mega-sena-1.487187
2025-03-25T21:54:43.435207,https://www.atribuna.com.br/cidades/premios-da-mega-sena-saem-em-santos-s-o-vicente-e-guaruja-no-litoral-de-s-o-paulo-confira-1.455603
2025-03-25T21:54:44.379812,https://www.correio24horas.com.br/brasil/resultado-da-mega-sena-2844-0325
2025-03-25T21:54:49.991349,https://www.gov.br/planejamento/pt-br/assuntos/noticias/2025/safra-forte-deve-baratear-alimentos-e-impulsionar-o-crescimento-do-pib-em-2025-afirma-tebet
2025-03-25T21:54:52.720118,https://diariodocomercio.com.br/mix/valor-da-carne-vai-abaixar-ministro-garante-queda-no-preco-e-populacao-agradece/
2025-03-25T21:54:57.727702,https://bpmoney.com.br/web-stories/https-bpmoney-com-br-noticias-simone-tebet-preco-alimento-cai/
2025-03-25T21:54:58.777623,https://jfinforma.com/2025/03/25/preco-alimentos-reducao-2025/
2025-03-25T21:54:58.970457,https://sbtnews.sbt.com.br/noticia/politica/simone-tebet-promete-baixa-nos-precos-dos-alimentos-nos-proximos-60-dias
2025-03-25T21:55:00.188821,https://jovempan.com.br/noticias/economia/simone-tebet-projeta-queda-de-precos-nos-supermercados-em-60-dias.html
2025-03-25T21:55:00.793620,https://economia.uol.com.br/noticias/estadao-conteudo/2025/03/21/haddad-acredito-que-preco-de-alimentos-vai-cair-mas-ha-itens-que-inspiram-mais-cuidados.htm
2025-03-25T21:55:02.072450,https://bahia.ba/politica/simone-tebet-afirma-que-preco-de-alimentos-vai-baixar-nos-proximos-60-dias/
2025-03-25T21:55:03.563898,https://www.capitalnews.com.br/politica-e-poder/executivo/tebet-preve-queda-nos-precos-dos-alimentos-em-60-dias-e-defende-equilibrio-no-uso-de-emendas-parlamentares/418935
2025-03-25T21:55:04.870398,https://news.agrofy.com.br/noticia/206928/ministra-promete-queda-no-preco-dos-alimentos-nos-proximos-60-dias
2025-03-25T21:55:05.718360,https://opoti.com.br/precos-dos-alimentos-devem-cair-em-60-dias-afirma-tebet/
2025-03-25T21:55:06.318602,https://tecmania.com.br/expectativa-de-safra-recorde-promete-reduzir-precos-dos-alimentos-e-acelerar-crescimento-do-pib-em-2025-diz-tebet/
2025-03-25T21:55:07.563428,https://www.moneytimes.com.br/haddad-diz-que-precos-de-alimentos-vao-cair-mas-ve-preocupacao-para-cafe-e-ovo-pads/
2025-03-25T21:55:07.802775,https://www.meon.com.br/noticias/brasil/simone-tebet-preve-reducao-nos-precos-dos-alimentos-em-dois-meses
2025-03-25T21:55:08.126571,https://www.nsctotal.com.br/noticias/decimo-paredao-bbb-25
2025-03-25T21:55:08.272286,https://www.nsctotal.com.br/noticias/enquete-bbb-25-diferenca-diminui-para-6-e-define-que-grupo-perdera-mais-um-participante-na-eliminacao
2025-03-25T21:55:08.921913,https://gshow.globo.com/realities/bbb/bbb-25/formacao-paredao/noticia/quem-sai-do-bbb-25-hoje-25.ghtml
2025-03-25T21:55:10.505658,https://www.uol.com.br/splash/bbb/enquetes/2025/03/24/bbb-25---enquete-uol---quem-voce-quer-eliminar-no-decimo-paredao.htm
2025-03-25T21:55:14.637386,https://www.omelete.com.br/series-tv/bbb-25-quem-vai-ser-eliminado-parciais-10-paredao
2025-03-25T21:55:15.840095,"https://www.uai.com.br/app/entretenimento/famosos/2025/03/25/not-famosos,358215/bbb-25-nova-parcial-aponta-quem-deve-deixar-o-programa-apos-o-sincerao.shtml"
2025-03-25T21:55:16.361794,https://diariodonordeste.verdesmares.com.br/entretenimento/zoeira/parcial-da-enquete-bbb-25-aponta-eliminacao-de-participante-com-pouco-mais-de-50-veja-detalhes-1.3633432
2025-03-25T21:55:16.532165,https://jornaldebrasilia.com.br/entretenimento/katia-flavia/aline-diego-e-maike-estao-no-decimo-paredao-do-bbb25/
2025-03-25T21:55:17.410088,https://www.folhape.com.br/cultura/quem-sai-do-bbb-25-enquete-aponta-diferenca-de-7-entre/399841/
2025-03-25T21:55:18.899931,https://bahia.ba/entretenimento/ana-maria-braga-pede-que-aline-permaneca-no-bbb25-pelo-menos-ela-fica-animada-la-dentro/
2025-03-25T21:55:19.367478,https://gshow.globo.com/realities/bbb/bbb-25/videos-do-bbb/video/tadeu-schmidt-fala-sobre-o-decimo-paredao-do-bbb-25-melhor-votacao-da-temporada-13458519.ghtml
2025-03-25T21:55:19.999213,https://masterdica.com/a-serie-turca-mais-aguardada-el-turco/
2025-03-25T21:55:20.326928,https://revistaquem.globo.com/entretenimento/series-e-filmes/noticia/2025/03/astro-turco-can-yaman-causa-alvoroco-durante-lancamento-da-serie-el-turco-no-rio.ghtml
2025-03-25T21:55:22.926358,https://vejario.abril.com.br/beira-mar/rio-de-janeiro-sabe-receber-diz-astro-turco-visita-cidade
2025-03-25T21:55:26.661173,https://www.em.com.br/emfoco/2025/03/25/o-astro-turco-que-esta-conquistando-o-brasil-veja-os-segredos-por-tras-do-sucesso/
2025-03-25T21:55:27.857923,https://www.ofluminense.com.br/entretenimento/televisao/2025/03/1276605-gala-turco-can-yaman-e-a-atracao-do-cine-bbb-com-a-serie-el-turco.html
2025-03-25T21:55:28.043329,https://www.uol.com.br/splash/noticias/2025/03/25/can-yaman-chega-para-o-lancamento-da-serie-el-turco-no-rio.htm
2025-03-25T21:55:28.179376,https://www.acidadeon.com/tudoep/tudo-cult/onde-assistir-el-turco/
2025-03-25T21:55:29.374949,https://ofuxico.com.br/reality-show/bbb-reality-show/bbb25/can-yaman-surpreende-no-bbb-e-anuncia-exibicao-especial-de-el-turco/
2025-03-25T21:55:29.572667,https://caras.com.br/atualidades/astro-de-el-turco-can-ayman-e-recepcionado-por-fas-brasileiros-ao-desembarcar-no-rio-de-janeiro.phtml
2025-03-25T21:55:30.665327,https://aventurasnahistoria.com.br/noticias/historia-hoje/el-turco-conheca-historia-por-tras-da-lenda-italiana-que-inspirou-serie.phtml
2025-03-25T21:55:31.148994,https://cinebuzz.com.br/noticias/tv-e-series/el-turco-serie-estrelada-por-can-yaman-tera-segunda-temporada.phtml
2025-03-25T21:55:32.004183,https://srzd.com/blog/internacional/ja-no-rio-can-yaman-se-prepara-para-um-evento-epico-com-os-fas/
2025-03-25T21:55:32.087828,https://www.atribuna.com.br/variedades/domingo-mais/confira-as-dicas-de-filmes-e-series-para-assistir-no-streaming-nesta-semana-1.455282
2025-03-25T21:55:32.345647,https://www.msn.com/pt-br/tv/noticias/quem-%C3%A9-can-yaman-ator-turco-que-est%C3%A1-no-brasil-para-o-lan%C3%A7amento-da-s%C3%A9rie-el-turco/ar-AA1BDNAl
2025-03-25T21:55:34.928364,https://tribunadepetropolis.com.br/noticias/astro-turco-can-yaman-passeia-pelo-rio-e-tira-fotos-com-fas-em-copacabana/
2025-03-25T21:55:37.800461,https://www.radiorock.com.br/2025/03/25/faltam-3-dias-tudo-o-que-voce-precisa-saber-para-aproveitar-ao-maximo-o-lollapalooza-brasil-2025/
2025-03-25T21:55:38.336931,https://vocesa.abril.com.br/sociedade/lollapalooza-2025-essas-saos-as-cidades-que-mais-buscaram-voos-para-sp/
2025-03-25T21:55:40.104882,https://billboard.com.br/o-que-nao-pode-levar-lollapalooza-brasil-2025/
2025-03-25T21:55:41.154466,https://www.adorocinema.com/noticias/filmes/noticia-1000135768/
2025-03-25T21:55:42.209224,https://www.acidadeon.com/tudoep/tudo-cult/viu-essa/o-que-mudou-no-lollapalooza-2025/
2025-03-25T21:55:42.400395,https://www.dgabc.com.br/Noticia/4212129/vai-ao-lolla-br-2025-veja-ativacao-da-budweiser-no-festival
2025-03-25T21:55:43.214631,https://resumodasnovelas.ig.com.br/alem-de-novela-maisa-ganha-outra-funcao-na-globo-e-fara-jornada-dupla/
2025-03-25T21:55:44.348380,https://abcdoabc.com.br/coke-studio-oferece-um-ponto-de-vista-unico-sobre-o-lollapalooza-brasil/
2025-03-25T21:55:45.818959,https://atl.clicrbs.com.br/musica/noticia/2025/03/lollapalooza-2025-tudo-o-que-voce-precisa-saber-sobre-o-festival-cm8nbq9d9006t013c6gpu5r44.html
2025-03-25T21:55:49.998556,https://www.acordacidade.com.br/brasil/lollapalooza-salvador-e-a-2a-cidade-que-mais-buscou-voos-para-sao-paulo-para-os-dias-de-festival/
2025-03-25T21:55:51.503968,https://www.tenhomaisdiscosqueamigos.com/2025/03/25/lollapalooza-2025-mapa-alimentacao/
2025-03-25T21:55:51.721633,https://sbtnews.sbt.com.br/noticia/brasil/metro-e-cptm-terao-operacao-24-horas-durante-o-lollapalooza-2025
2025-03-25T21:55:52.187872,https://portalpopline.com.br/sao-paulo-lollapalooza-2025-cidade-transformacoes/
2025-03-25T21:55:53.197691,https://glamour.globo.com/entretenimento/noticia/2025/03/fabiana-justus-arranca-risadas-ao-revelar-situacao-constrangedora-apos-sedacao-segredo-cabeludo.ghtml
2025-03-25T21:55:53.808366,https://revistamarieclaire.globo.com/celebridades/noticia/2025/03/voltando-da-sedacao-fabi-justus-conta-segredo-de-amiga.ghtml
2025-03-25T21:55:55.548798,https://caras.com.br/atualidades/fabiana-justus-deixa-escapar-segredo-de-enfermeira-apos-exame-com-sedacao-pedi-perdao.phtml
2025-03-25T21:55:56.468263,https://aloalobahia.com/noticias/2025/03/25/fabiana-justus-diverte-ao-contar-perrengue-durante-exame-segredo-cabeludo/
2025-03-25T21:55:56.587602,https://oantagonista.com.br/entretenimento/fabiana-justus-volta-a-fazer-exames-apos-um-ano-do-transplante/
2025-03-25T21:55:57.324518,https://gente.ig.com.br/celebridades/2025-03-25/fabiana-justus-diverte-ao-contar-situacao-inusitada-apos-sedacao.html
2025-03-25T21:55:58.666375,https://d24am.com/plus/famosos/fabiana-justus-recebe-alta-de-nova-internacao-altos-e-baixos/
2025-03-25T21:56:00.512941,https://ofuxico.com.br/noticias/rezem-por-mim-diz-fabiana-justus/
2025-03-25T21:56:01.327851,https://www.sucessofm.com/tanarede/
2025-03-25T21:56:03.656499,https://www.gazetadigital.com.br/variedades/celebridades/fabiana-justus-volta-a-treinar-apos-internacao/802807
2025-03-25T21:56:05.356287,https://tv.sbt.com.br/programas/jornalismo/fofocalizando/noticia/281781-fabiana-justus-desabafa-apos-susto-que-a-levou-para-o-hospital
2025-03-25T21:56:10.838655,https://www.jetss.com.br/entretenimento/famosos/fabiana-justus-comemora-alta-hospitalar-apos-se-recuperar-de-quadro-de-infeccao/24/03/2025/
2025-03-25T21:56:11.910378,https://contigo.com.br/noticias/famosos/fabiana-justus-volta-para-casa-e-da-detalhes-da-nova-internacao-impublicavel.phtml
2025-03-25T21:56:12.391960,https://180graus.com/famosos/fabiana-justus-fala-sobre-retorno-aos-treinos-apos-internacao/
2025-03-25T21:56:12.844825,https://www.uol.com.br/splash/noticias/2025/03/25/renata-ultima-festa-do-lider-bbb-25.htm
2025-03-25T21:56:13.094109,https://gshow.globo.com/realities/bbb/bbb-25/festa/noticia/festa-de-sabado-no-bbb-25-tera-shows-de-joao-gomes-manu-bahtidao-l7nnon-e-filipe-ret.ghtml
2025-03-25T21:56:13.294922,https://extra.globo.com/blogs/telinha/post/2025/03/joao-gomes-manu-batidao-l7nnon-e-filipe-ret-fazem-show-no-bbb-25.ghtml
2025-03-25T21:56:13.666145,https://gshow.globo.com/realities/bbb/bbb-25/especiais-publicitarios/sazon/noticia/gil-do-vigor-e-vitor-dicastro-levam-muito-amor-as-ruas-inspirados-na-festa-sazonr-no-bbb25.ghtml
2025-03-25T21:56:14.499024,https://globoplay.globo.com/v/13450455/
2025-03-25T21:56:14.994892,https://www.omelete.com.br/series-tv/adolescencia-novo-fenomeno-da-netflix-atinge-feito-historico-no-reino-unido
2025-03-25T21:56:15.200251,https://www.uol.com.br/splash/noticias/2025/03/25/adolescencia-80-20.htm
2025-03-25T21:56:16.166543,https://forbes.com.br/forbes-collab/2025/03/mark-travers-motivos-pelos-quais-todos-os-pais-devem-assistir-a-serie-adolescencia-da-netflix/
2025-03-25T21:56:21.472211,https://expresso.pt/opiniao/2025-03-20-o-odio-e-mais-facil-cronica-sobre-adolescencia-a-serie-que-nos-arranha-com-a-mais-perigosa-e-absurda-porta-que-as-tecnologias-abriram-7e8d83bd
2025-03-25T21:56:25.303647,https://braziljournal.com/adolescencia-a-serie-que-pais-e-maes-precisam-ver/
2025-03-25T21:56:26.149932,https://revistacrescer.globo.com/colunistas/ana-paula-pontes/noticia/2025/03/por-que-a-serie-adolescencia-choca.ghtml
2025-03-25T21:56:27.521942,https://www.brasildefato.com.br/2025/03/25/minisserie-adolescencia-expoe-fragilidade-de-pais-diante-de-avanco-brutal-da-cultura-incel/
2025-03-25T21:56:28.763590,https://www.brasil247.com/blog/amor-negado-violencia-banalizada
2025-03-25T21:56:28.938716,https://www.omelete.com.br/series-tv/adolescencia-se-torna-a-maior-minisserie-da-historia-da-netflix
2025-03-25T21:56:30.375452,https://mais.opovo.com.br/colunistas/ana-marcia-diogenes/2025/03/25/voce-conhece-seu-filho-ali-no-quarto-ao-lado.html
2025-03-25T21:56:33.236348,https://www.gazetaesportiva.com/apostas/prognosticos/futebol/argentina-x-brasil-25-03-2025
2025-03-25T21:56:33.383866,https://www.nsctotal.com.br/noticias/onde-assistir-ao-vivo-e-com-imagens-argentina-x-brasil-pelas-eliminatorias-da-copa
2025-03-25T21:56:35.166051,https://www.lance.com.br/fora-de-campo/torcedores-detonam-titular-do-brasil-apos-da-argentina-vergonha.html
2025-03-25T21:56:35.456202,https://www.uol.com.br/esporte/futebol/ultimas-noticias/2025/03/25/brasil-x-argentina-mais-violento-de-todos-teve-69-faltas-e-precedeu-tetra.htm
2025-03-25T21:56:36.391594,https://aquinoticias.com/2025/03/argentina-x-brasil-ao-vivo-onde-assistir-e-escalacoes/
2025-03-25T21:56:37.565566,https://www.netflu.com.br/com-andre-ex-fluminense-brasil-esta-escalado-para-enfrentar-a-argentina/
2025-03-25T21:56:39.340244,https://www.umdoisesportes.com.br/selecao-brasileira/dorival-junior-salario-selecao-brasileira/
2025-03-25T21:56:39.826075,https://tntsports.com.br/futebolbrasileiro/Argentina-x-Brasil-veja-as-escalacoes-pelas-Eliminatorias-para-a-Copa-do-Mundo-20250325-0017.html
2025-03-25T21:56:42.573253,https://www.ofluminense.com.br/esportes/futebol/2025/03/1276577-novo-sistema-de-iluminacao-em-sao-januario-sera-entregue-ate-30-de-marco.html
2025-03-25T21:56:44.234745,https://www.supervasco.com/noticias/a-ideia-do-vasco-sobre-a-reforma-do-estadio-pensando-em-maximizar-os-lucros-413703.html
2025-03-25T21:56:46.734698,https://odia.ig.com.br/esporte/vasco/2025/03/7025692-dirigente-do-vasco-estima-capacidade-de-sao-januario-apos-a-reforma.html
2025-03-25T21:56:48.351160,https://www.gaveanews.com/index.php/2025/03/25/vasco-nova-capacidade-de-sao-januario-e-revelada/
2025-03-25T21:56:49.419904,https://www.sportingnews.com/br/futebol/noticias/reforma-em-sao-januario-planos-diretoria-vasco/31f0d2e194646aa0a34a6e68
2025-03-25T21:56:50.607468,https://www.osaogoncalo.com.br/esportes/154033/vasco-pretende-investir-em-melhorias-para-a-iluminacao-de-sao-januario
2025-03-25T21:56:50.906376,https://www.lance.com.br/vasco/vasco-faz-modificacoes-em-sao-januario-por-exigencia-da-conmebol.html
2025-03-25T21:57:05.409837,https://www.nsctotal.com.br/noticias/estadio-do-vasco-vice-presidente-fala-sobre-prazos-para-reforma-de-sao-januario
2025-03-25T21:57:06.963456,https://www.itatiaia.com.br/esportes/futebol/vasco/2025/03/21/veja-qual-sera-o-primeiro-investimento-do-vasco-na-estrutura-de-sao-januario
2025-03-25T21:57:07.594013,https://www.vamofutebol.com/vasco-cumpre-obrigacao-da-conmebol-e-promove-mudancas-no-estadio-de-sao-januario/
2025-03-25T21:57:09.027261,https://www.tupi.fm/esportes/vasco-implementa-melhorias-na-iluminacao-de-sao-januario/
2025-03-25T21:57:12.561117,https://www.365scores.com/pt-br/news/magazine/vasco-planeja-ampliar-capacidade-em-novo-sao-januario-para-lucrar-com-shows/
2025-03-25T21:57:13.625121,https://www.90min.com/pt-BR/vasco-conmebol-iluminacao-sao-januario
2025-03-25T21:57:14.471632,https://www.uol.com.br/esporte/futebol/ultimas-noticias/2025/03/25/neymar-nao-se-recupera-totalmente-e-deve-desfalcar-o-santos-contra-o-vasco.htm
2025-03-25T21:57:14.749071,https://www.lance.com.br/santos/santos-divulga-programacao-da-semana-antes-da-estreia-no-brasileiro-confira.html
2025-03-25T21:57:17.212778,https://www.supervasco.com/noticias/rival-tendencia-neste-momento-e-que-neymar-nao-enfrente-o-vasco-413722.html
2025-03-25T21:57:22.841056,https://www.gazetaesportiva.com/futebol/neymar-mostra-evolucao-em-treino-do-santos-e-comenta-sobre-lesao/
2025-03-25T21:57:23.926659,https://www.diariodopeixe.com.br/noticias/santos-da-mais-uma-folga-ao-elenco-apos-jogo-treino-contra-o-sub-20/
2025-03-25T21:57:24.230394,https://odia.ig.com.br/esporte/2025/03/7025817-neymar-celebra-e-pode-voltar-a-jogar-contra-o-vasco-sem-dor.html
2025-03-25T21:57:24.491238,https://www.msn.com/pt-br/esportes/other/neymar-surpreende-com-revela%C3%A7%C3%A3o-feita-ap%C3%B3s-treinos-no-santos-n%C3%A3o-s%C3%B3-na-posterior-mas-no-quadr%C3%ADceps/ar-AA1BydvS?cvid=7F9BBE0A55AE474890A756318FF64C17&ocid=hpmsn
2025-03-25T21:57:24.996371,https://www.atribuna.com.br/esportes/santos-fc/neymar-treina-no-santos-e-mira-estreia-no-brasileir-o-contra-o-vasco-1.455773
2025-03-25T21:57:26.199578,https://www.itatiaia.com.br/esportes/futebol/santos/2025/03/24/santos-goleia-sub-20-em-jogo-treino-e-jogadores-ganham-folga
2025-03-25T21:57:29.932234,https://www.santosfc.com.br/em-homenagem-ao-dia-internacional-da-sindrome-de-down-santos-fc-recebe-alunos-da-apae-santos/
2025-03-25T21:57:30.159804,https://noataque.com.br/futebol/brasileirao-serie-a/time/santos/noticia/2025/03/25/santos-neymar-segue-trabalhando-separado-no-ct-rei-pele/
2025-03-25T21:57:31.053219,https://meupeixao.com.br/2025/03/neymar-faz-trabalho-intenso-no-gramado-e-jogadores-ganham-mais-um-dia-de-folga-antes-da-estreia-no-campeonato-brasileiro/
2025-03-25T21:57:32.708160,https://www.lance.com.br/gremio/dirigente-do-gremio-diz-que-dalessandro-vai-apanhar-na-arena.html
2025-03-25T21:57:33.553016,https://jbfilhoreporter.com.br/gremio/dirigente-se-manifesta-sobre-dale-saiu-o-motivo-do-braith-na-europa-e-possivel-troca-na-camisa/
2025-03-25T21:57:34.488494,https://onefootball.com/pt-br/noticias/diretor-do-gremio-responde-fala-de-dalessandro-e-diz-que-ele-ira-apanhar-na-arena-40882011
2025-03-25T21:57:34.858095,https://www.gaveanews.com/index.php/2025/03/24/dirigente-do-gremio-manda-recado-para-dalessandro-recado-de-victor-gabriel-para-roger-machado-e-atitude-da-conmebol-nos-bastidores-as-ultimas-noticias-do-internacional/
2025-03-25T21:57:37.146500,https://diariogaucho.clicrbs.com.br/esporte/inter/noticia/2025/03/vini-moura-a-uniao-entre-roger-machado-e-dalessandro-deu-certo-para-o-inter-50227202.html
2025-03-25T21:57:37.605309,https://www.guiatemabelardoluz.com.br/noticias/8883-ex-dirigente-do-gremio-rebate-declaracoes-infelizes-de-barcellos-e-dalessandro
2025-03-25T21:57:37.873189,https://www.msn.com/pt-br/esportes/other/ex-vice-presidente-de-futebol-do-gr%C3%AAmio-causa-no-internacional-ap%C3%B3s-coment%C3%A1rio-sobre-d-alessandro/ar-AA1BpsRd
2025-03-25T21:57:39.130488,https://www.revistacolorada.com.br/movimento-do-gremio-divulga-nota-oficial-apos-diretor-ameacar-dalessandro/
2025-03-25T21:57:54.612413,https://somoscolorados.com/dirigente-do-gremio-responde-discurso-de-d-alessandro-e-faz-ameacas-em-video
2025-03-25T21:57:54.771753,https://vozesdogigante.com.br/dirigente-do-gremio-ameaca-dalessandro-vai-apanhar-na-arena/
2025-03-25T21:57:56.539056,https://scinter.com.br/noticias-do-internacional/internacional-dale-20-03/
2025-03-25T21:57:57.778427,https://www.gaveanews.com/index.php/2025/03/16/alan-patrick-e-dalessandro-fazem-gremio-virar-motivo-de-piada/
2025-03-25T21:57:58.912214,https://www.msn.com/pt-br/esportes/other/d-alessandro-surpreende-em-forte-discurso-no-vesti%C3%A1rio-do-inter-vamos-pisar-na/ar-AA1BgS0E
2025-03-25T21:57:59.381610,https://www.netflu.com.br/fluminense-conta-com-varios-desfalques-diante-do-fortaleza/
2025-03-25T21:58:00.029797,https://www.lance.com.br/fluminense/fluminense-vive-dilema-para-estreia-do-brasileirao.html
2025-03-25T21:58:01.000976,https://odia.ig.com.br/esporte/fluminense/2025/03/7025847-fluminense-tem-ultima-semana-livre-antes-de-maratona-ate-o-mundial-de-clubes.html
2025-03-25T21:58:02.809438,https://www.netflu.com.br/fluminense-ganha-opcoes-para-suprir-ausencias-de-lesionados/
2025-03-25T21:58:03.908466,https://www.itatiaia.com.br/esportes/futebol/fluminense/2025/03/25/fluminense-tera-ate-seis-desfalques-para-o-primeiro-jogo-no-brasileiro
2025-03-25T21:58:06.094479,https://www.osaogoncalo.com.br/esportes/154141/com-departamento-medico-cheio-fluminense-liga-alerta-para-sequencia-da-temporada
2025-03-25T21:58:13.817533,https://www.msn.com/pt-br/esportes/futebol/fluminense-vive-dilema-para-estreia-do-brasileir%C3%A3o/ar-AA1BxnEt
2025-03-25T21:58:14.532836,https://www.gaveanews.com/index.php/2025/03/23/mano-menezes-vai-ter-que-lidar-com-desafio-nos-bastidores-do-fluminense/
2025-03-25T21:58:14.691991,https://www.vamofutebol.com/mano-menezes-ganha-reforco-no-fluminense-para-o-inicio-do-brasileirao/
2025-03-25T21:58:14.926042,https://rtiesporte.com.br/fluminense-traca-planejamento-para-ter-ph-ganso-e-fuentes-antes-da-maratona-de-jogos/
2025-03-25T21:58:16.405888,https://www.uol.com.br/esporte/futebol/ultimas-noticias/gazeta-esportiva/2025/03/18/para-o-brasileirao-fluminense-aposta-em-evolucao-do-setor-de-criacao.htm
2025-03-25T21:58:17.530031,https://explosaotricolor.com.br/mudancas-no-fluminense-para-a-estreia-no-brasileirao/
2025-03-25T21:58:18.717556,https://nossoflu.com.br/noticias-do-fluminense/flu-veja-3-jogos-fluzao/
2025-03-25T21:58:19.285868,https://www.gazetaesportiva.com/times/fluminense/mano-menezes-tera-seis-desfalques-para-estreia-do-fluminense-no-campeonato-brasileiro/
2025-03-25T21:58:21.990720,https://www.umdoisesportes.com.br/coritiba/torcida-coritiba-invade-sao-paulo-protesto-saf-treecorp/
2025-03-25T21:58:27.165345,https://www.lance.com.br/futebol-nacional/torcida-do-coritiba-faz-protesto-na-faria-lima-contra-a-saf.html
2025-03-25T21:58:30.759244,https://videos.gazetaesportiva.com/video/torcedores-do-coritiba-protestam-em-sao-paulo-contra-gestao-da-saf-confira
2025-03-25T21:58:31.525021,https://www.agenciabrasilia.df.gov.br/jogos-de-coritiba/800007i28g.shtml
2025-03-25T21:58:33.966073,https://www.uol.com.br/esporte/futebol/ultimas-noticias/gazeta-esportiva/2025/03/18/associacao-do-coritiba-e-saf-do-clube-se-reunem-para-discutir-o-futuro-da-equipe.htm
2025-03-25T21:58:34.208490,https://coxanautas.com.br/noticia/noticias/treecorp-se-manifesta-apos-protesto-da-torcida-do-coritiba/
2025-03-25T21:58:34.840278,https://www.umdoisesportes.com.br/coritiba/torcida-coritiba-fura-bolha-protesto-sao-paulo/
2025-03-25T21:58:35.488404,https://redecoxa.com.br/noticias/torcida-do-coritiba-realiza-protesto-em-frente-a-sede-da-treecorp-em-sao-paulo/
2025-03-25T21:58:38.459865,https://portalleodias.com/esportes/apos-protesto-empresa-de-roberto-justus-reconhece-frustracao-da-torcida-do-coritiba
2025-03-25T21:58:39.833023,https://www.bandab.com.br/esporte/times/coritiba/treecorp-vai-vender-saf-coritiba/
2025-03-25T21:58:40.312512,https://www.bemparana.com.br/esportes/coritiba/torcida-do-coritiba-protesta-em-frente-a-sede-da-treecorp-em-sao-paulo/
2025-03-25T21:58:41.827624,https://www.correio24horas.com.br/esportes/torcedores-do-coritiba-protestam-contra-empresa-dona-do-clube-saf-de-mendigo-0325
2025-07-12T19:57:44.845268,https://istoedinheiro.com.br/trump-tarifa-mexico-ue
2025-07-12T19:57:49.482972,https://www.gazetadopovo.com.br/mundo/trump-anuncia-tarifas-de-30-para-mexico-e-uniao-europeia/
2025-07-12T19:57:49.820336,https://www.brasildefato.com.br/2025/07/12/trump-eleva-tensao-global-e-impoe-tarifa-de-30-ao-mexico-e-a-uniao-europeia/
2025-07-12T19:57:51.034678,https://www.nsctotal.com.br/noticias/queda-de-aviao-que-matou-260-pessoas-na-india-pode-ter-sido-proposital-mostra-relatorio
2025-07-12T19:57:53.443479,https://aeroin.net/veja-como-funcionam-os-switches-que-foram-desligados-no-boeing-787-segundos-antes-da-queda-na-india/
2025-07-12T19:57:54.018517,https://www.gazetadopovo.com.br/mundo/air-india-piloto-questionou-colega-sobre-corte-de-combustivel-antes-da-queda/
2025-07-12T19:57:55.584439,https://www.msn.com/pt-br/video/other/por-que-%C3%A1udio-de-pilotos-do-voo-da-air-india-aumenta-mist%C3%A9rio-sobre-o-acidente/vi-AA1ItoQ7
2025-07-12T19:57:55.911226,https://revistaoeste.com/mundo/air-india-relatorio-indica-possivel-corte-intencional-de-combustivel/
2025-07-12T19:57:57.632967,https://www.publico.pt/2025/07/11/mundo/noticia/movimento-interruptor-motor-origem-acidente-air-india-2139987
2025-07-12T19:57:57.739232,https://oantagonista.com.br/mundo/pilotos-discutiram-corte-de-combustivel-antes-de-acidente-da-air-india/
2025-07-12T19:58:00.046806,https://www.gazetadopovo.com.br/mundo/kim-jong-un-recebe-chanceler-russo-para-discutir-apoio-na-ucrania/
2025-07-12T19:58:01.478184,https://jovempan.com.br/noticias/mundo/russia-alerta-eua-coreia-do-sul-e-japao-sobre-alianca-de-seguranca-contra-coreia-do-norte.html
2025-07-12T19:58:02.202862,https://jornaldebrasilia.com.br/noticias/mundo/chanceler-russo-inicia-visita-oficial-a-coreia-do-norte/
2025-07-12T19:58:03.017554,https://www.tribunadoagreste.com.br/geral/2025/07/12/117870-aqui-estao-alguns-dos-temas-mais-discutidos-hoje-12-ao-meio-dia
2025-07-12T19:58:04.430126,https://www.noticiasaominuto.com/mundo/2821016/lavrov-fica-em-estancia-da-coreia-do-norte-e-o-1-hospede-estrangeiro
2025-07-12T19:58:04.692068,https://www.msn.com/pt-pt/noticias/ultimas/r%C3%BAssia-reconhece-apoio-da-coreia-do-norte-na-liberta%C3%A7%C3%A3o-de-kursk/ar-AA1IsZwR
2025-07-12T19:58:06.863431,https://tribunadosertao.com.br/noticias/2025/07/12/697735-ministra-das-relacoes-exteriores-da-coreia-do-norte-reafirma-apoio-a-russia-na-defesa-da-soberania
2025-07-12T19:58:08.772492,https://portalmie.com/atualidade/2025/07/russia-alerta-japao-e-outros-paises-nao-formem-alianca-de-seguranca-contra-a-coreia-do-norte/
2025-07-12T19:58:09.177577,https://sbtnews.sbt.com.br/noticia/mundo/ministro-da-russia-se-encontra-com-kim-jong-un-na-coreia-do-norte
2025-07-12T19:58:09.894499,https://www.sociedademilitar.com.br/2025/07/alerta-internacional-coreia-do-norte-cogita-enviar-30-mil-soldados-a-guerra-na-ucrania-para-apoiar-tropas-russas-e-consolidar-alianca-estrategica-com-moscou.html
2025-07-12T19:58:10.749915,https://www.portaltela.com/breaking-news/internacional/2025/07/11/chanceler-russo-inicia-visita-oficial-a-kim-jongun-na-coreia-do-norte
2025-07-12T19:58:12.597098,https://economiaempauta.com.br/chanceler-russo-se-reune-com-lider-norte-coreano-e-agradece-apoio-contra-a-ucrania/
2025-07-12T19:58:14.631276,https://www.gazetadopovo.com.br/mundo/visto-turismo-para-eua-pode-ficar-mais-caro-brasileiros-a-partir-outubro/
2025-07-12T19:58:15.085758,https://www.panrotas.com.br/mercado/destinos/2025/07/eau-criam-taxa-extra-de-us-250-para-visto-com-possibilidade-de-reembolso_219200.html
2025-07-12T19:58:15.276625,https://www.em.com.br/internacional/2025/07/7199062-estrangeiros-deverao-pagar-taxa-extra-de-uss-250-para-tirar-visto-americano.html
2025-07-12T19:58:15.484370,https://www.jornalopcao.com.br/mundo/brasileiros-vao-pagar-nova-taxa-para-entrar-nos-eua-apos-aprovacao-de-pacote-por-trump-veja-o-valor-725036/
2025-07-12T19:58:15.997040,https://diariodonordeste.verdesmares.com.br/ultima-hora/mundo/visto-americano-sofre-aumento-de-r-14-mil-com-nova-lei-de-trump-1.3669606
2025-07-12T19:58:18.971776,https://www.travelandtourworld.com.br/news/article/us-visa-integrity-fee-anticipated-to-more-than-double-standard-application-expenses-amid-comprehensive-immigration-policy-revamp-heres-all-you-need-to-know/
2025-07-12T19:58:19.680174,https://www.mercadoeeventos.com.br/internacional/estados-unidos-criam-taxa-adicional-de-us-250-para-vistos-nao-imigrantes-a-partir-de-2026/
2025-07-12T19:58:21.862752,https://pontospravoar.com/visto-para-o-estados-unidos-vai-ficar-mais-caro/
2025-07-12T19:58:22.365886,https://portallitoralsul.com.br/eua-aprovam-lei-e-adicionam-taxa-extra-para-emissao-de-vistos-a-nao-imigrantes/
2025-07-12T19:58:22.490689,https://pleno.news/mundo/visto-para-entrar-nos-eua-ficara-r-14-mil-mais-caro-saiba-mais.html
2025-07-12T19:58:22.832335,https://anotabahia.com/congresso-americano-aprova-nova-taxa-para-o-visto-veja-o-valor/
2025-07-12T19:58:25.875714,https://koalaturismo.com.br/governo-americano-cria-nova-taxa-para-visto/
2025-07-12T19:58:26.473169,https://aeroin.net/congresso-dos-eua-125-bilhoes-para-modernizacao-do-controle-de-trafego-aereo/
